Source,Process,Feedback_gamma_mean_PgC_per_degC,q25_PgC_per_degC,q50_PgC_per_degC,q75_PgC_per_degC,p05_PgC_per_degC,p95_PgC_per_degC
OSCAR,OSCAR Gradual thaw,27.518188002993963,10.375190325414442,19.178438,36.458029975239455,3.957307278950443,75.5480112818411
OSCAR,OSCAR Total feedback,62.744712304282984,34.73315,49.43967533007045,72.624794,22.70924929931055,144.62962
IPCC AR6,IPCC estimate,22,NA,NA,NA,3,41
